{"coco/bbox_mAP": 0.782, "coco/bbox_mAP_50": 0.882, "coco/bbox_mAP_75": 0.848, "coco/bbox_mAP_s": 0.0, "coco/bbox_mAP_m": 0.518, "coco/bbox_mAP_l": 0.917, "data_time": 0.5440581395075872, "time": 0.5992762675652137}