{"coco/bbox_mAP": 0.782, "coco/bbox_mAP_50": 0.882, "coco/bbox_mAP_75": 0.848, "coco/bbox_mAP_s": 0.0, "coco/bbox_mAP_m": 0.518, "coco/bbox_mAP_l": 0.917, "data_time": 0.08743854669424203, "time": 0.13567590713500977}