{"lr": 0.009998886215193948, "data_time": 0.015238006909688314, "loss": 0.1536321391661962, "decode.loss_ce": 0.10765427102645238, "decode.acc_seg": 27.191162109375, "aux.loss_ce": 0.04597787062327067, "aux.acc_seg": 21.8109130859375, "time": 0.6865513722101847, "iter": 6, "memory": 5948, "step": 6}
{"lr": 0.00997794446709763, "data_time": 0.009047746658325195, "loss": 0.07057113833725452, "decode.loss_ce": 0.04833192266523838, "decode.acc_seg": 81.8878173828125, "aux.loss_ce": 0.02223921613767743, "aux.acc_seg": 76.52587890625, "time": 0.33015215396881104, "iter": 100, "memory": 3774, "step": 100}
{"lr": 0.009955660594668054, "data_time": 0.009703946113586426, "loss": 0.07132807299494744, "decode.loss_ce": 0.04941944684833288, "decode.acc_seg": 82.7423095703125, "aux.loss_ce": 0.021908625680953264, "aux.acc_seg": 69.0582275390625, "time": 0.32953002452850344, "iter": 200, "memory": 3774, "step": 200}
{"lr": 0.009933371122565919, "data_time": 0.010151815414428712, "loss": 0.0563678789883852, "decode.loss_ce": 0.0389473345130682, "decode.acc_seg": 77.0233154296875, "aux.loss_ce": 0.017420545127242802, "aux.acc_seg": 77.972412109375, "time": 0.3315273761749268, "iter": 300, "memory": 3774, "step": 300}
{"lr": 0.009911076035273796, "data_time": 0.009708809852600097, "loss": 0.06731528230011463, "decode.loss_ce": 0.04762079007923603, "decode.acc_seg": 84.5245361328125, "aux.loss_ce": 0.019694492872804403, "aux.acc_seg": 81.353759765625, "time": 0.3294579267501831, "iter": 400, "memory": 3774, "step": 400}
{"aAcc": 80.37, "mIoU": 43.01, "mAcc": 51.99, "data_time": 0.03223817998712713, "time": 1.0239538062702527, "step": 400}
{"lr": 0.0098887753171919, "data_time": 0.01048715114593506, "loss": 0.05153265669941902, "decode.loss_ce": 0.03675936553627253, "decode.acc_seg": 79.107666015625, "aux.loss_ce": 0.014773291349411011, "aux.acc_seg": 81.0577392578125, "time": 0.3313383340835571, "iter": 500, "memory": 5198, "step": 500}
{"lr": 0.009866468952637547, "data_time": 0.011701846122741699, "loss": 0.04905092362314463, "decode.loss_ce": 0.03505829274654389, "decode.acc_seg": 81.34765625, "aux.loss_ce": 0.01399263134226203, "aux.acc_seg": 83.2916259765625, "time": 0.3327256441116333, "iter": 600, "memory": 3774, "step": 600}
{"lr": 0.009844156925844432, "data_time": 0.008777761459350586, "loss": 0.04425023719668388, "decode.loss_ce": 0.03127559125423431, "decode.acc_seg": 89.97802734375, "aux.loss_ce": 0.012974645849317313, "aux.acc_seg": 88.70849609375, "time": 0.3271305799484253, "iter": 700, "memory": 3774, "step": 700}
{"lr": 0.009821839220962003, "data_time": 0.01070544719696045, "loss": 0.038993456214666364, "decode.loss_ce": 0.026880906708538533, "decode.acc_seg": 79.7882080078125, "aux.loss_ce": 0.012112549459561705, "aux.acc_seg": 81.781005859375, "time": 0.3317808389663696, "iter": 800, "memory": 3774, "step": 800}
{"aAcc": 85.78, "mIoU": 53.23, "mAcc": 65.87, "data_time": 0.009209911028544107, "time": 0.23276233673095703, "step": 800}
{"lr": 0.009799515822054777, "data_time": 0.01195385456085205, "loss": 0.038803627155721186, "decode.loss_ce": 0.026970607973635197, "decode.acc_seg": 88.9923095703125, "aux.loss_ce": 0.011833019368350507, "aux.acc_seg": 85.3424072265625, "time": 0.33171930313110354, "iter": 900, "memory": 3774, "step": 900}
{"lr": 0.00977718671310168, "data_time": 0.009229016304016114, "loss": 0.04297090135514736, "decode.loss_ce": 0.030055364593863487, "decode.acc_seg": 78.1036376953125, "aux.loss_ce": 0.01291553657501936, "aux.acc_seg": 76.7730712890625, "time": 0.32829482555389405, "iter": 1000, "memory": 3774, "step": 1000}
{"lr": 0.009754851877995354, "data_time": 0.010237622261047363, "loss": 0.03392141181975603, "decode.loss_ce": 0.023710510227829218, "decode.acc_seg": 95.1080322265625, "aux.loss_ce": 0.010210901452228426, "aux.acc_seg": 93.9422607421875, "time": 0.32962262630462646, "iter": 1100, "memory": 3774, "step": 1100}
{"lr": 0.009732511300541468, "data_time": 0.010760617256164551, "loss": 0.04326162990182638, "decode.loss_ce": 0.029841389134526254, "decode.acc_seg": 87.689208984375, "aux.loss_ce": 0.01342024002224207, "aux.acc_seg": 88.031005859375, "time": 0.3303291082382202, "iter": 1200, "memory": 3774, "step": 1200}
{"aAcc": 82.58, "mIoU": 41.45, "mAcc": 46.5, "data_time": 0.01131280263264974, "time": 0.2344557841618856, "step": 1200}
{"lr": 0.009710164964458045, "data_time": 0.009560513496398925, "loss": 0.03919286672025919, "decode.loss_ce": 0.027727802470326423, "decode.acc_seg": 69.6685791015625, "aux.loss_ce": 0.011465064017102122, "aux.acc_seg": 70.074462890625, "time": 0.3285414457321167, "iter": 1300, "memory": 3774, "step": 1300}
{"lr": 0.009687812853374727, "data_time": 0.01034231185913086, "loss": 0.04213995710015297, "decode.loss_ce": 0.02993608471006155, "decode.acc_seg": 73.834228515625, "aux.loss_ce": 0.012203872064128518, "aux.acc_seg": 77.5909423828125, "time": 0.330526065826416, "iter": 1400, "memory": 3774, "step": 1400}
{"lr": 0.009665454950832103, "data_time": 0.00997011661529541, "loss": 0.049107025004923345, "decode.loss_ce": 0.034743887931108476, "decode.acc_seg": 70.867919921875, "aux.loss_ce": 0.014363137213513255, "aux.acc_seg": 71.087646484375, "time": 0.3298900604248047, "iter": 1500, "memory": 3774, "step": 1500}
{"lr": 0.009643091240280942, "data_time": 0.009523105621337891, "loss": 0.040935032069683075, "decode.loss_ce": 0.02830283362418413, "decode.acc_seg": 86.9720458984375, "aux.loss_ce": 0.012632198724895715, "aux.acc_seg": 87.493896484375, "time": 0.3285513401031494, "iter": 1600, "memory": 3774, "step": 1600}
{"aAcc": 85.46, "mIoU": 46.45, "mAcc": 57.77, "data_time": 0.009521802266438803, "time": 0.23337870836257935, "step": 1600}
{"lr": 0.009620721705081534, "data_time": 0.01039736270904541, "loss": 0.04882438722997904, "decode.loss_ce": 0.03499015085399151, "decode.acc_seg": 77.4078369140625, "aux.loss_ce": 0.013834236422553658, "aux.acc_seg": 78.0792236328125, "time": 0.33245053291320803, "iter": 1700, "memory": 3774, "step": 1700}
{"lr": 0.009598346328502901, "data_time": 0.010132026672363282, "loss": 0.03700783178210258, "decode.loss_ce": 0.026011668518185614, "decode.acc_seg": 84.2041015625, "aux.loss_ce": 0.01099616358987987, "aux.acc_seg": 82.1929931640625, "time": 0.33216884136199953, "iter": 1800, "memory": 3774, "step": 1800}
{"lr": 0.009575965093722064, "data_time": 0.010383534431457519, "loss": 0.03333580810576677, "decode.loss_ce": 0.0234947731718421, "decode.acc_seg": 88.83056640625, "aux.loss_ce": 0.00984103479422629, "aux.acc_seg": 87.68310546875, "time": 0.33160688877105715, "iter": 1900, "memory": 3774, "step": 1900}
{"lr": 0.009553577983823325, "data_time": 0.010668230056762696, "loss": 0.03560231551527977, "decode.loss_ce": 0.024980472680181266, "decode.acc_seg": 82.6873779296875, "aux.loss_ce": 0.010621842555701732, "aux.acc_seg": 82.12890625, "time": 0.33114840984344485, "iter": 2000, "memory": 3774, "step": 2000}
{"aAcc": 84.65, "mIoU": 47.16, "mAcc": 53.23, "data_time": 0.011656741301218668, "time": 0.23518610000610352, "step": 2000}
{"lr": 0.0095311849817975, "data_time": 0.009578657150268555, "loss": 0.037542415969073775, "decode.loss_ce": 0.02613035198301077, "decode.acc_seg": 79.6356201171875, "aux.loss_ce": 0.011412063799798488, "aux.acc_seg": 80.77392578125, "time": 0.32936551570892336, "iter": 2100, "memory": 3774, "step": 2100}
{"lr": 0.009508786070541123, "data_time": 0.010095357894897461, "loss": 0.04074647203087807, "decode.loss_ce": 0.028771757055073975, "decode.acc_seg": 94.37255859375, "aux.loss_ce": 0.011974714882671832, "aux.acc_seg": 93.9697265625, "time": 0.32943196296691896, "iter": 2200, "memory": 3774, "step": 2200}
{"lr": 0.009486381232855704, "data_time": 0.009956789016723634, "loss": 0.04288357738405466, "decode.loss_ce": 0.030774353444576262, "decode.acc_seg": 86.8316650390625, "aux.loss_ce": 0.012109223427250982, "aux.acc_seg": 88.8153076171875, "time": 0.3294774770736694, "iter": 2300, "memory": 3774,